,x1,x2,y
0,-3.7687965895713003,1.0258579297618464,darkblue
1,-4.162919867860542,0.18810568750230744,darkblue
2,-0.39701666442636363,1.6884922604569137,darkblue
3,-3.036678198173196,1.6237267466072998,darkblue
4,-3.4728804032313034,1.2169607558514701,darkblue
5,-4.936093846823268,-1.3275687770276847,darkblue
6,-0.13175050640960487,0.9297250912314635,darkblue
7,-0.23648080504270544,0.927007226910921,darkblue
8,-3.3040422218132255,1.0865305096535294,darkblue
9,-2.6633082839515647,1.7769299729838843,darkblue
10,-0.6873087839006541,1.0818207278733576,darkblue
11,-4.766973851301931,-1.5755324535339013,darkblue
12,-5.170817008505428,-2.1791373198810096,darkblue
13,-1.4410086643795152,1.7652066594048592,darkblue
14,-0.7546104120045865,1.702195163072254,darkblue
15,-5.243946741318749,-2.3094361644538837,darkblue
16,-4.55064632227151,-0.6882168087632249,darkblue
17,-3.973131541160827,0.34867610863541365,darkblue
18,-3.0340446145209214,1.6862515915097815,darkblue
19,-4.31430215653439,0.5231212623695216,darkblue
20,-0.05677713165021589,0.8414240302230978,darkblue
21,-3.867667791898804,0.9989238194789979,darkblue
22,-0.32204439633809756,0.8337032517388351,darkblue
23,-0.1640813887521399,0.8984829724374349,darkblue
24,-0.3938732359806414,0.4658737485618817,darkblue
25,-4.784662407618666,-0.17250305587530268,darkblue
26,-4.9165141736959885,-1.2135315385144603,darkblue
27,0.049004661969764274,1.0499421488985292,darkblue
28,-2.00416672535786,1.813493459132387,darkblue
29,-3.804215780032327,0.7031340534916852,darkblue
30,-1.7504135257700517,1.8002355756383779,darkblue
31,-4.914138723266419,-0.42326818547002515,darkblue
32,-2.279065698089855,1.58955451019959,darkblue
33,-0.2042703058118985,1.1643765163666018,darkblue
34,-4.84648994011064,-0.45574814069437897,darkblue
35,-3.5298527833494373,1.0322812690645091,darkblue
36,-0.46765880023889067,1.0764267884096383,darkblue
37,-3.542842211914471,1.3364202199918112,darkblue
38,-2.9526932442662313,1.6543217229412719,darkblue
39,-2.2021998282205324,2.1065391457488234,darkblue
40,-0.579753843917191,0.9192057424203188,darkblue
41,-4.670349435137203,-1.334718982759779,darkblue
42,-4.977260619808596,-0.5009838078952659,darkblue
43,-3.4519268966211603,1.1366236906730618,darkblue
44,-1.99935265672687,1.973269170156867,darkblue
45,0.08575829089279796,1.0314623933416356,darkblue
46,-4.136660321741808,0.5118018526151398,darkblue
47,-4.969200854618019,-0.9606906395149218,darkblue
48,-1.5154148254683106,2.084038293505248,darkblue
49,-0.6788593997053313,1.5752920209027936,darkblue
50,-4.822375279151692,-0.7572183450145039,darkblue
51,-4.293052042852435,0.7316155166497917,darkblue
52,-2.021716361975196,1.8909491756207784,darkblue
53,-4.544404307841997,-0.7153246835539764,darkblue
54,-4.756449706542002,-0.3971510612166147,darkblue
55,-0.02660112876910342,1.203104203558634,darkblue
56,-1.5638827037976895,1.8768047374439076,darkblue
57,-4.488531189766843,-0.9078514205862159,darkblue
58,-2.2125775459082777,1.8734301837591616,darkblue
59,-3.9995879556020157,0.7626236395662532,darkblue
60,-4.590389592206519,-0.4551260510953182,darkblue
61,0.5243945630111748,0.656186381165562,darkblue
62,-5.25317529680373,-1.799823762354888,darkblue
63,0.21857964817569556,0.234561095691746,darkblue
64,-1.4862421291195758,1.5707447350327701,darkblue
65,-3.4647284472609767,1.067454157254094,darkblue
66,-0.4118345637246658,1.25623226778725,darkblue
67,-0.9850043318822055,1.8284225114904311,darkblue
68,-1.956063839746734,1.7215503842705184,darkblue
69,-3.8282386758495086,0.6155546622244739,darkblue
70,-0.22011387722853698,1.163037354045851,darkblue
71,-4.694343304500108,-0.8379156276946517,darkblue
72,-4.948159478698835,-2.060528354335738,darkblue
73,-2.6448236530800955,1.6537265127776724,darkblue
74,-4.771385841204752,-0.9877372496810511,darkblue
75,-5.141565562345603,-2.4395666309712936,darkblue
76,-1.3252896069739415,1.412682767840432,darkblue
77,-3.134914586720102,1.1560227249293293,darkblue
78,-0.07151427951930366,0.7519596170975047,darkblue
79,-4.93792655784093,-0.916715325351619,darkblue
80,-0.5327904000110577,0.9083936035580349,darkblue
81,-0.8365057049750606,1.7591183078787038,darkblue
82,-4.317547127186712,-0.09052136776095454,darkblue
83,-1.1153251103889623,1.8686356254626921,darkblue
84,-4.727335661888641,-1.92520533005108,darkblue
85,-4.426950333819351,-0.6909264754231424,darkblue
86,-0.17551320628958716,1.017308664814953,darkblue
87,-0.7718105381724856,1.4982200251795497,darkblue
88,-4.741017568010198,0.111039673918194,darkblue
89,-3.1807054902300664,1.440323029508877,darkblue
90,-2.5150889074214646,1.271703685695195,darkblue
91,0.25629984545642853,0.46983585329706645,darkblue
92,-0.3317111259831479,1.009332206147242,darkblue
93,-4.399988967373339,-0.9005495607766867,darkblue
94,-4.334334454857248,-0.03583082965688167,darkblue
95,-2.2615223149407964,1.7948551191026871,darkblue
96,-0.0541558542957466,1.2177921232982976,darkblue
97,-2.280673975828548,1.5899860251491662,darkblue
98,-0.36960106068000986,0.8986111803360664,darkblue
99,-4.917273934883249,-1.1826996307114868,darkblue
100,-1.9754738110363879,1.654980902740969,darkblue
101,-1.0364888450891458,1.721864034873662,darkblue
102,-3.5551167712018783,1.0085563023762603,darkblue
103,-2.8362680009787136,1.3964079156605262,darkblue
104,-0.279069754054328,0.9834710178582451,darkblue
105,-1.9029720476862357,1.594119825453566,darkblue
106,-4.18608220491159,0.5150367380188723,darkblue
107,-4.1773101395601335,0.7012005553489394,darkblue
108,-2.2206442610757673,1.6796342066321641,darkblue
109,-4.507238722665019,-0.09392829088549368,darkblue
110,-3.69084897121476,1.107401502951003,darkblue
111,-0.5268632135835072,0.8925427409165515,darkblue
112,-4.755252995833843,-0.4236794327257115,darkblue
113,-2.4938224775257942,1.4991058136878035,darkblue
114,-1.0833445131965656,1.8899952851635722,darkblue
115,-3.4454552252676045,1.0238814366850708,darkblue
116,-5.270964618171313,-1.8660436419757231,darkblue
117,-0.023071836322203207,0.9264572954926709,darkblue
118,-0.6136107141668035,1.9706233643180266,darkblue
119,0.037274788055603636,0.8662137309709104,darkblue
120,-0.4748402815055829,1.3564458438507965,darkblue
121,-4.730522114424981,-2.5524211737436375,darkblue
122,-5.246592460289484,-1.0489404232977353,darkblue
123,-1.0848554380399453,1.4292310295064734,darkblue
124,-5.370251223411064,-1.388086004521643,darkblue
125,-2.622571926120101,1.7496176898860571,darkblue
126,-2.9940717587275483,1.6886537181541939,darkblue
127,-0.3100875496683574,0.8804904531833535,darkblue
128,-2.5099444617198374,1.6364165084778233,darkblue
129,-0.23718526555732564,0.5792400331658779,darkblue
130,-1.1254282930461015,1.604266705787096,darkblue
131,-0.8696879158226954,1.7624086835008062,darkblue
132,-3.703726963708455,0.8664120357006269,darkblue
133,-0.2608573017594243,0.7637191858389831,darkblue
134,0.2991645302684938,1.1385031640387306,darkblue
135,-2.1714348007917637,1.379930402965869,darkblue
136,-4.009425941968613,0.29977198133408506,darkblue
137,-4.762015872559674,-2.1282929430946096,darkblue
138,-4.555668609031246,0.4810523555012495,darkblue
139,-3.1206463621472804,1.6502463952987456,darkblue
140,-0.8180092097880729,1.6211530466035677,darkblue
141,-3.4511262365584137,1.3757749313135217,darkblue
142,-3.153925787075597,1.3306100074429486,darkblue
143,-4.468769623090261,-0.3469857632364997,darkblue
144,-3.729401632900608,0.9622783906926415,darkblue
145,-4.009732764831184,0.576872167879706,darkblue
146,-5.019896406874065,-1.2499719899382273,darkblue
147,-2.440680767155509,1.611405055709637,darkblue
148,0.11325156832364172,0.8800847400075492,darkblue
149,-0.806702049251894,1.2868680412290256,darkblue
150,-4.637539707102867,-0.43809085964183203,darkblue
151,-1.726569720010222,1.7467901851527208,darkblue
152,-0.4205366377904836,0.6884924459329053,darkblue
153,-1.1813445780284508,1.4843505852544168,darkblue
154,-0.9802284694128929,1.722389853550376,darkblue
155,-0.192477042622589,1.654907201598896,darkblue
156,-4.994705129006949,-1.3081971414208022,darkblue
157,-5.17486266801227,-1.21995239209009,darkblue
158,-0.7639051698279071,1.3788407512710705,darkblue
159,-1.6945699720947835,1.741243481321805,darkblue
160,-2.521726342775248,1.7595414238817884,darkblue
161,-4.158362619984331,0.7305777857333303,darkblue
162,-1.7561213921221372,1.3318619335811228,darkblue
163,-0.1768737396999271,0.580070160089677,darkblue
164,-0.7043930369871911,1.653363145314651,darkblue
165,-3.503288650345287,1.0816492529754664,darkblue
166,-0.510947092842052,1.230112514720332,darkblue
167,-4.710945700984277,0.1657106889390264,darkblue
168,-0.2891405512251778,1.0211567106297557,darkblue
169,-4.335916828955806,-0.3719769806612141,darkblue
170,-3.6468584200979994,1.2896218313720302,darkblue
171,-0.290019150272405,0.895992964386304,darkblue
172,-0.4240752384762843,0.5972236615939884,darkblue
173,-1.8994075719119192,1.5140896597687055,darkblue
174,-4.3149674100875846,0.29153053178904936,darkblue
175,-1.0045977789896894,1.7279676990592234,darkblue
176,-0.5693366403729657,1.1588303443034311,darkblue
177,-4.678805284815598,-0.33163008505065183,darkblue
178,-4.226361838712415,0.22311267590328981,darkblue
179,-0.513619831920469,1.1316821886389,darkblue
180,-0.6902593412795932,1.3874735768812403,darkblue
181,-0.18570164982074688,1.0079430754473844,darkblue
182,-4.571514561442537,-0.29049156942531146,darkblue
183,-4.950790275481754,-1.6260282507074821,darkblue
184,-4.995915945796329,-1.995060541031419,darkblue
185,-4.84693906504652,-1.7726486957411483,darkblue
186,-0.4412806222593414,1.1651628646984842,darkblue
187,0.07859821422301426,0.7459161385118168,darkblue
188,-0.12271604082020837,0.9756161354172344,darkblue
189,-0.7030750293754043,1.352473463406324,darkblue
190,-1.7002610142342764,1.874760223494917,darkblue
191,-2.1346820933119286,1.7411479992160839,darkblue
192,-0.1790843665071186,0.7560687529798104,darkblue
193,-4.726005595845795,-0.5578107811753381,darkblue
194,-4.689987227724482,0.23047950110486792,darkblue
195,-2.649429185432346,1.7517588857651654,darkblue
196,-3.3831707461545504,1.3481201675394205,darkblue
197,-1.2273870921922159,1.6730148003713163,darkblue
198,-0.15764456822971445,0.6538263719290546,darkblue
199,-3.044792676005711,1.6107309718796434,darkblue
200,-1.132382267666979,3.832319762456568,darkred
201,-1.8527996726538312,3.84872342259184,darkred
202,1.0849722783921956,1.500674412266928,darkred
203,-0.319414708226862,3.313265420125363,darkred
204,-0.7712793780082647,3.687368851945557,darkred
205,-3.4108263291868934,3.385231545746894,darkred
206,0.9976503231915368,0.6334457531990213,darkred
207,0.7127728475492889,0.6090929710466993,darkred
208,-0.5734205410804298,3.2544040517724464,darkred
209,0.05205087058140023,3.449213719769818,darkred
210,0.5729391313807,0.81537350708566,darkred
211,-3.5253105307220296,3.3958542075653955,darkred
212,-4.513922771734295,3.213978809168501,darkred
213,0.8037022880803046,2.1990001502861745,darkred
214,0.9984641027372343,1.6632771853868866,darkred
215,-4.652367140954393,3.123275366768286,darkred
216,-2.702732560523233,3.6694644833331886,darkred
217,-1.4295515018342926,3.47028704873097,darkred
218,-0.30073626662297026,3.61623800223389,darkred
219,-1.8183520649610472,3.775184619980321,darkred
220,0.6960853172427999,0.5257334295025906,darkred
221,-1.2378178863759424,3.831685400481013,darkred
222,0.727259406226331,0.5250357415016662,darkred
223,1.0446103105958424,0.6188498198221133,darkred
224,0.1617653102878675,0.18094893134927414,darkred
225,-2.682872358239202,3.8400891712989793,darkred
226,-3.6092073919221104,3.701691885704364,darkred
227,0.8532863077570382,0.7310160408449919,darkred
228,0.4128154362291323,2.5172701252585297,darkred
229,-1.2378383985540198,3.756343613947794,darkred
230,0.46205561015624536,2.1917321345900964,darkred
231,-2.8797684670086334,3.688254778924071,darkred
232,0.25017004688726485,2.5289462581868816,darkred
233,0.9120683331837033,0.8657741459048127,darkred
234,-2.9460052566115,3.836144174738044,darkred
235,-0.8553717937716574,3.6647671522467236,darkred
236,0.7363429689482395,0.7956869488502768,darkred
237,-0.8139398429115221,3.536151050047274,darkred
238,-0.2630199809949214,3.1491748068249774,darkred
239,0.3301924137128711,3.05360894856031,darkred
240,0.40627490931738097,0.6038852604669904,darkred
241,-3.5547651599683183,3.738993008340233,darkred
242,-3.2087131067396752,3.95134870005339,darkred
243,-0.7727082725183657,3.7439465594837467,darkred
244,0.4690351878468323,2.7769809320324894,darkred
245,0.9207707010192823,0.7115107403607049,darkred
246,-1.741407068184152,4.000552706259377,darkred
247,-3.8790058272120618,4.132793139674621,darkred
248,0.7750371814498646,2.5817226166974168,darkred
249,0.9669163531148565,1.4699167085231408,darkred
250,-3.0843036997101385,3.730078037754001,darkred
251,-1.8423111858449193,4.095424148269133,darkred
252,0.39082335338623975,2.5866045484902824,darkred
253,-2.781312620931423,3.7433212449483326,darkred
254,-2.686193795189539,3.662465180157185,darkred
255,0.985144830360522,0.8901540129376019,darkred
256,0.7419647798519683,2.3971113364029204,darkred
257,-2.7229518776958046,3.5479188217359154,darkred
258,0.26125560639721895,2.6884369678582174,darkred
259,-1.4619387881739734,3.9013318195465363,darkred
260,-2.49618030520889,3.568896294044045,darkred
261,1.0921522459122,0.36849567866094846,darkred
262,-4.424381282625104,3.4824604861691384,darkred
263,0.6616497806773453,-0.01879558382249996,darkred
264,0.9214156374379121,2.257561432524886,darkred
265,-0.7905127820542721,3.701319495053142,darkred
266,0.7103979090921975,0.9586634474272336,darkred
267,1.0761315183999924,2.0466030402498214,darkred
268,0.44229844770065563,2.391780515514723,darkred
269,-1.2759864225356572,3.7116665460044658,darkred
270,0.9108962745374996,0.8670524042806863,darkred
271,-2.9696937812030244,3.6645495174352365,darkred
272,-4.110139901332602,3.2155238672106465,darkred
273,0.06352485929624893,3.269146679257518,darkred
274,-3.016670441622799,3.4805553150862223,darkred
275,-4.500827224820472,2.9634683170105407,darkred
276,0.5380350391531499,1.4535147746354524,darkred
277,-0.4005318225162916,3.153216480829011,darkred
278,0.6195966483365963,0.4427139006232849,darkred
279,-3.4236866859010866,3.8069664015965534,darkred
280,0.6239120136937071,0.6173518061976554,darkred
281,0.8598344416821195,1.6837622493171878,darkred
282,-2.150602878421754,3.820312309796905,darkred
283,1.0275056009319055,2.1755992061893727,darkred
284,-3.3770414518771443,2.9520973002412934,darkred
285,-2.5144584737414326,3.5855680252706508,darkred
286,1.1494597205816386,0.7700896621883182,darkred
287,0.7876253453666285,1.3466590667028433,darkred
288,-2.663882630482038,4.160513767139312,darkred
289,-0.4482276571552658,3.3437044603717148,darkred
290,0.10888277201940028,2.482629836471033,darkred
291,0.6929983743051629,0.21859512285685656,darkred
292,0.8971806066723385,0.7346421502858648,darkred
293,-2.5295692184483114,3.429284250819125,darkred
294,-2.2991606015090644,4.0745476640565785,darkred
295,0.36465309728109035,3.013464464494242,darkred
296,1.377163575685237,1.0087851299824786,darkred
297,0.29195382315159074,2.641944293627337,darkred
298,0.6389744233811232,0.5853440622968711,darkred
299,-3.3279742458450836,3.4654381227730253,darkred
300,0.6237112578908062,2.7848471011534173,darkred
301,0.8791399496601431,1.8050048285412819,darkred
302,-0.8541953527223096,3.4837087730845098,darkred
303,-0.1292934698200437,3.0016566028785445,darkred
304,0.6391795395570167,0.6640999866262733,darkred
305,0.5243814155183805,2.3171553726513467,darkred
306,-1.6535260450655112,3.6682162279443222,darkred
307,-1.675092751969818,3.93692405900218,darkred
308,0.40809598214249193,2.907296475169478,darkred
309,-2.254395410045058,3.6717873514211683,darkred
310,-0.9793993360182571,3.5026226095646114,darkred
311,0.09780971973255609,0.5934352430701286,darkred
312,-2.828971228184621,3.8349534082005836,darkred
313,0.09309247428654271,2.5919723095743183,darkred
314,0.9242524764586896,2.055307326482784,darkred
315,-0.8132142780921334,3.8471621072448747,darkred
316,-4.550693372450607,3.4873531796663686,darkred
317,0.7280975751844936,0.6109058923412557,darkred
318,1.2196794641079531,1.9885024849767223,darkred
319,0.9339079018227295,0.5462238369069691,darkred
320,0.7361869217385674,1.0773695544837076,darkred
321,-4.012913869598715,2.802670908094775,darkred
322,-3.8670133508357356,3.801990608460962,darkred
323,0.7906644396189451,1.4796576906168524,darkred
324,-4.280920294120618,3.7060659510670875,darkred
325,0.06649953239563987,3.241079323983447,darkred
326,-0.27312933904086323,3.4145758669668553,darkred
327,0.5289123141949228,0.5604550788600483,darkred
328,0.12170424385083552,2.874493947887102,darkred
329,0.4245031373841607,0.2740680250249977,darkred
330,0.5399538529301793,1.5102635698866567,darkred
331,0.8306598638880972,1.689529352941924,darkred
332,-1.0228529511451698,3.4646911976658243,darkred
333,0.8925452465942778,0.4720168408453666,darkred
334,1.187549913270552,0.8183633693325926,darkred
335,0.3892752799319963,2.3993502386327306,darkred
336,-1.5413158092604367,3.62184016051166,darkred
337,-4.090266073157265,3.2556293601379935,darkred
338,-2.136416968517911,3.917216549379016,darkred
339,-0.3869796762567995,3.5948589729724114,darkred
340,0.8369176976815131,1.5210438885576887,darkred
341,-0.7377232690422786,3.754283465523256,darkred
342,-0.42705049346348745,3.5620659218195665,darkred
343,-2.291713621994541,3.547452785187482,darkred
344,-1.075033180409599,3.691920657833478,darkred
345,-1.4854033450495885,3.7530349546938355,darkred
346,-3.741468616508899,3.6902140522681703,darkred
347,0.18849316743414146,2.840610158136279,darkred
348,0.8131573172395433,0.5697480527516852,darkred
349,0.8772933749525174,1.2039738517937901,darkred
350,-2.7665229718535156,3.890997910101479,darkred
351,0.73597167334493,2.5385377729582537,darkred
352,0.4247690999037345,0.3683477195483541,darkred
353,0.5707213470855077,1.444758558139771,darkred
354,0.8051236140233111,1.7055602441287911,darkred
355,0.8185645707985119,1.3418860028724888,darkred
356,-3.6079281405002956,3.5361836853551845,darkred
357,-3.7956694634750363,3.6313290516369414,darkred
358,1.07411033249701,1.4002681733689055,darkred
359,0.7332797406313087,2.4652112683310285,darkred
360,0.17148907363704138,3.274863111186039,darkred
361,-1.569734633235587,3.7122854464555175,darkred
362,0.44831855420249983,1.713151659095022,darkred
363,0.2988441416618104,0.3164377504854323,darkred
364,1.0160388072831141,1.5931161700161636,darkred
365,-0.8475821715732905,3.8052365626193145,darkred
366,0.6854432782877371,0.9476094014141234,darkred
367,-2.5645422554253403,4.1093332272926935,darkred
368,0.46286829455284817,0.7055360291436852,darkred
369,-2.0572619739900224,3.3472941014168,darkred
370,-0.9639685617772952,3.876698449476216,darkred
371,0.7966736508047325,0.5925563676147826,darkred
372,0.08406027364439894,0.3243055468176293,darkred
373,0.41399157116855384,2.0457129785858417,darkred
374,-1.8766186811398506,3.6842989835983158,darkred
375,0.8868848076056381,1.791198712638745,darkred
376,0.6512894664488664,0.8820829648403168,darkred
377,-2.5373203548125876,3.619744061002337,darkred
378,-1.9089572971902986,3.8698107472439847,darkred
379,0.974241122573664,0.9464476752315444,darkred
380,0.8374891331995131,1.2205020642473867,darkred
381,0.5133239074436537,0.6977129630766317,darkred
382,-2.5547626511524166,3.8459242849503137,darkred
383,-3.5762149130906176,3.229440269946172,darkred
384,-3.955659630794196,3.1365363818566956,darkred
385,-4.05701781583629,3.5355691078710145,darkred
386,0.8715444674052247,0.9141058757829494,darkred
387,0.8312847074383274,0.4302399068536527,darkred
388,1.2899506939192906,0.7593001343569339,darkred
389,0.8219836169878589,1.184230862196234,darkred
390,0.546343196198348,2.3111050312354644,darkred
391,0.48352810201123686,2.9323837908116954,darkred
392,0.7120730731028103,0.4359740166271133,darkred
393,-2.711884172861394,3.5822894734113673,darkred
394,-2.642649257178428,4.323435457096774,darkred
395,-0.034969035981890495,2.930471823457856,darkred
396,-0.6811694615375045,3.8157112466456713,darkred
397,1.010550797952961,2.0977438222633724,darkred
398,0.3975120748056095,0.3690140064247481,darkred
399,-0.33855052646580686,3.2106658991954524,darkred
400,2.616292135150244,2.9523489011336626,darkblue
401,2.4724483770809136,3.6784095152921283,darkblue
402,1.6633117219848188,0.12332541556341886,darkblue
403,2.502400448689211,1.8048155458149087,darkblue
404,2.7189573035354826,2.5829177812593653,darkblue
405,1.4332122321175806,4.420711289293855,darkblue
406,1.305765304639576,-0.49278372530700865,darkblue
407,0.9120778520416444,-0.3719419346652464,darkblue
408,2.6693238589531045,1.973553079192743,darkblue
409,2.857970654900325,1.9337855849386025,darkblue
410,0.9723130270514699,-0.4092568130082205,darkblue
411,1.4008682701150121,4.806235559545509,darkblue
412,0.48509991996774215,5.341649777049866,darkblue
413,2.301733947409767,0.47192018674346525,darkblue
414,1.8412974027687006,0.12561113205070867,darkblue
415,0.34828885669884024,5.327308170103192,darkblue
416,1.9950870209025975,4.247964867704522,darkblue
417,2.5456328926831495,2.828287588162949,darkblue
418,2.7373351679718305,2.214116741940244,darkblue
419,2.245992463233095,3.239660112905109,darkblue
420,0.7991204617293786,-0.2841098771543782,darkblue
421,2.5303505583978034,2.9705493646591172,darkblue
422,0.9845974023202639,-0.5380217629253243,darkblue
423,1.4067867463646344,-0.5677244734642833,darkblue
424,0.19283245354736628,-0.44271057364741356,darkblue
425,1.8430294702114376,4.026181708702155,darkblue
426,1.3011543496146671,5.027142714257918,darkblue
427,0.9792290191462112,-0.12497535023111359,darkblue
428,2.2307949884785874,0.7759905058934407,darkblue
429,2.6895073346176437,3.0604003861178484,darkblue
430,1.9073361436657748,0.47142593726477655,darkblue
431,1.6980999965286487,3.982199938498419,darkblue
432,2.3283250372382884,0.8082597248706822,darkblue
433,1.211640414231343,-0.25030465992241846,darkblue
434,1.7211248606097633,4.336222317040773,darkblue
435,2.761668350956945,2.664841614924929,darkblue
436,1.0952160206290302,-0.38737908924686676,darkblue
437,2.4555341219058135,2.2727176890709164,darkblue
438,2.3763973962095335,1.5672759748940854,darkblue
439,2.416575043071439,1.334027836105098,darkblue
440,0.6262137382295317,-0.4077009296727106,darkblue
441,1.3969904533944593,5.309724681531537,darkblue
442,1.5313937077736017,4.64590787991024,darkblue
443,2.8249088797912054,2.7273366031236788,darkblue
444,2.399263913238322,1.04115023317676,darkblue
445,1.0611906466182153,-0.17160704577456642,darkblue
446,2.477566425325232,3.6705779670032377,darkblue
447,1.0771780330330296,5.735398440456362,darkblue
448,2.3512704518586354,0.846975154153311,darkblue
449,1.6985465320724504,-0.008054558541427115,darkblue
450,1.6708447517981835,4.4685120877461255,darkblue
451,2.296202971110559,3.65492462381785,darkblue
452,2.199548436251084,0.8451115537831524,darkblue
453,1.9615338630869195,4.445762019133771,darkblue
454,1.8646649551323027,3.8993790892779474,darkblue
455,1.2199949947283386,-0.1425187851554221,darkblue
456,2.3454872541319847,0.660342137789401,darkblue
457,2.018648001617424,4.2467674062472085,darkblue
458,2.2039887618364093,0.9535380052870477,darkblue
459,2.525086814468993,3.273017264651563,darkblue
460,2.0358299145768455,3.7672690232324837,darkblue
461,1.1268836305611258,-0.267042249177436,darkblue
462,0.5646080736964085,5.405845939647982,darkblue
463,0.6637715262503607,-0.5291839139841888,darkblue
464,2.7200452284881607,0.5158769918132559,darkblue
465,2.827589343230337,2.702313462685358,darkblue
466,1.0138119876946872,-0.16200279316400754,darkblue
467,2.2956493240578446,0.3706972976342937,darkblue
468,2.221915911463611,0.6498529127288305,darkblue
469,2.681451248433634,3.0494071996585905,darkblue
470,1.2200708647860243,-0.26042359396937725,darkblue
471,1.7918801757819902,4.422191790200185,darkblue
472,0.8780651429030074,5.127803735115982,darkblue
473,2.8166940174416544,1.7313581484777332,darkblue
474,1.7303421307977598,4.195073485020128,darkblue
475,0.4987074664294957,5.110090113526087,darkblue
476,1.5050589173886821,-0.13975570101074775,darkblue
477,2.6962800884743947,1.7837684213080376,darkblue
478,0.6973374657863523,-0.3104285779700687,darkblue
479,1.4242616249983002,4.85743706854744,darkblue
480,0.9502136304689182,-0.5299027673696382,darkblue
481,1.6427442539673687,0.17701055957189143,darkblue
482,2.319750560701551,3.8991003805607964,darkblue
483,2.3647592155382804,0.47333516453936275,darkblue
484,1.521973632906461,4.221359526934483,darkblue
485,2.1453403330428005,4.067548740259116,darkblue
486,1.5978482474443343,-0.500980053122102,darkblue
487,1.4360876468734394,-0.07963250325341367,darkblue
488,1.8816322749784844,4.3863991907622815,darkblue
489,2.5663879316009264,1.9289999570825018,darkblue
490,2.469561420418614,0.8156667786522454,darkblue
491,0.69376678370295,-0.28521726214154386,darkblue
492,1.2737379064571626,-0.46695433662514974,darkblue
493,2.1553867310209793,3.9743701383078456,darkblue
494,2.2781185198900995,4.367224652795915,darkblue
495,2.7330874537902456,1.3484345154117958,darkblue
496,1.9118179248956253,-0.33527735396922476,darkblue
497,2.4892903068648473,0.9399623994675769,darkblue
498,0.8719648830194082,-0.44474148755385495,darkblue
499,1.4920809734811171,4.413133094581523,darkblue
500,2.9017966230569328,1.098819901531485,darkblue
501,1.908956386441747,0.18759202490124138,darkblue
502,2.6398102743906366,2.3822184464098273,darkblue
503,2.614379938281715,1.4599722351066755,darkblue
504,0.8217207600829681,-0.2908127442642529,darkblue
505,2.364225298833149,0.5765233831509041,darkblue
506,2.343485575825026,3.05154800196958,darkblue
507,2.378234695611436,3.3878019873844547,darkblue
508,2.7856528155725693,1.2445717788606387,darkblue
509,2.1332316559309255,3.6036256330997256,darkblue
510,2.4506478075880542,2.352048897709196,darkblue
511,0.15111149479318614,-0.09710113516133623,darkblue
512,1.8222538812728568,4.296060883032712,darkblue
513,2.333000098575315,0.8980714918182957,darkblue
514,2.0712153986202178,0.39933335353977417,darkblue
515,2.9479389782139576,2.979214913389207,darkblue
516,0.4456198944906684,5.54027839407782,darkblue
517,0.8304067496088916,-0.1974016021450582,darkblue
518,2.1518083259330893,0.4097661784116287,darkblue
519,1.105105081492628,-0.3902781645216753,darkblue
520,1.1000133671748467,-0.11094891288329126,darkblue
521,0.9835360352913782,4.858749979029272,darkblue
522,1.0238057094004276,5.032705569023053,darkblue
523,1.7720951479980074,-0.11937683818323945,darkblue
524,0.6754101748026233,5.309753670967817,darkblue
525,2.7026789255517008,1.6580059453658378,darkblue
526,2.582034296628471,1.9211316836898171,darkblue
527,0.6712534818529188,-0.32615780417889056,darkblue
528,2.509735111016996,1.2144580347311038,darkblue
529,0.4910606272809901,-0.45155694538232327,darkblue
530,1.2912358221931384,0.020998756511933447,darkblue
531,1.6177184020686983,0.18054531516447003,darkblue
532,2.567759815522076,2.4421257794230966,darkblue
533,1.2166248796631647,-0.6727102393154569,darkblue
534,1.3544934097937307,-0.11107083805102713,darkblue
535,2.552473795103136,0.6914201748324846,darkblue
536,2.5697346933653464,3.1454281758373863,darkblue
537,0.9082223131449985,5.3658381204847085,darkblue
538,2.0490143352113797,3.5401652674861737,darkblue
539,2.663937559472576,2.1997404663488735,darkblue
540,1.5776840773971035,0.03778056625966861,darkblue
541,2.6788270284595077,2.593661832055069,darkblue
542,2.868884662617752,2.3162506017876394,darkblue
543,2.169497094965881,3.609286256989217,darkblue
544,2.6160905924236193,2.7579912805426954,darkblue
545,2.5273990247770235,3.154982943049607,darkblue
546,1.1760718906457277,5.0531561300111285,darkblue
547,2.567602979891891,1.1782812910270763,darkblue
548,0.8943507368076096,-0.19155644969219043,darkblue
549,1.6475026131776893,-0.2958560601416003,darkblue
550,1.91808624560679,4.435194271341373,darkblue
551,2.652915894447148,0.801788162344731,darkblue
552,0.5701685028142041,-0.5237808864518595,darkblue
553,1.4124666083738817,-0.09237105567132355,darkblue
554,1.683224786446551,0.15098518046277157,darkblue
555,1.0530010674889365,0.30978768200340606,darkblue
556,1.2808172153472972,4.757389997312736,darkblue
557,1.0952601099692367,4.862553421644347,darkblue
558,2.011674775533806,-0.18078623314517125,darkblue
559,2.574179092065945,0.7246156340440937,darkblue
560,2.830403857954167,1.7001309863612368,darkblue
561,2.306813940982871,2.961321679344832,darkblue
562,1.8807451158618507,-0.005304472782368508,darkblue
563,0.3083907183644987,-0.22736222461046657,darkblue
564,1.8240793183086033,0.07305499974912237,darkblue
565,2.838966867389194,2.8671209418297705,darkblue
566,1.0389835910812613,-0.2297466094804709,darkblue
567,1.9239367685052744,4.22230458584504,darkblue
568,0.5655371893151673,-0.10353307591373473,darkblue
569,2.3030486941332673,3.233556651598693,darkblue
570,2.617950440198014,2.846785985666946,darkblue
571,1.0772362501012687,-0.5002655026134488,darkblue
572,0.10177400915545654,-0.25221177263207756,darkblue
573,2.031090442048624,0.3080622109935686,darkblue
574,2.2807793517592407,3.2690112669487155,darkblue
575,1.8873857649702068,0.18474224862105315,darkblue
576,1.0219322588139537,-0.31338394192144486,darkblue
577,1.955412500527849,3.7408507828246833,darkblue
578,2.4078781432835186,3.68622857911075,darkblue
579,1.5577538055523115,-0.434694965363015,darkblue
580,1.4567617987898351,-0.18605268156136823,darkblue
581,0.5941695277438814,-0.06277598359428938,darkblue
582,2.035854514498648,4.1675738246960865,darkblue
583,1.316031854266662,4.466757347026074,darkblue
584,1.0085618239100334,4.801446448061719,darkblue
585,0.9349942755177939,5.505586140871899,darkblue
586,1.3105352820390264,-0.34836249704991545,darkblue
587,0.9342443180590727,-0.37944383318531394,darkblue
588,1.8089489091257582,-0.5722631455388351,darkblue
589,1.4388105735227783,-0.22062996842050536,darkblue
590,2.0475309897274117,0.5836611166220049,darkblue
591,2.8242736570918847,1.2605651450122233,darkblue
592,0.8804416196086569,-0.49583833302293034,darkblue
593,1.880608533317315,3.908059282093767,darkblue
594,1.9256235625544125,4.596866742467366,darkblue
595,2.293056386554592,1.255639385698047,darkblue
596,2.806827741428888,2.709505032662248,darkblue
597,2.4973458657085867,0.37199726825192886,darkblue
598,0.4284356524846034,-0.25417193227568485,darkblue
599,2.4001548397616457,1.666958912559595,darkblue
600,3.7285522160631466,-0.7340837928839656,darkred
601,4.487576231608949,-0.15252212709711632,darkred
602,0.7596622227588824,-1.0662057329501047,darkred
603,2.6069521156589506,-1.3931730020136097,darkred
604,3.507592959856192,-0.9919413855209144,darkred
605,4.751983275785682,0.7433907100662358,darkred
606,0.48447945648647284,-1.3227338657805967,darkred
607,0.16212920394200542,-1.035062584512971,darkred
608,3.1814465782538432,-1.475171435505878,darkred
609,2.9485312846862843,-1.2539262966785485,darkred
610,0.1114390074408852,-1.3674399123144039,darkred
611,5.085383750372153,1.245230250426324,darkred
612,4.827228374898648,2.0762046158817196,darkred
613,1.5550546542794097,-1.6889532676805603,darkred
614,0.9310561880583459,-1.3731369436001022,darkred
615,4.757365253987719,2.0986294422159295,darkred
616,4.84499284058015,0.4687839599794421,darkred
617,3.9772372478740587,-0.9353228125006297,darkred
618,3.042098254668681,-1.1179909290775099,darkred
619,3.814386899853893,-0.5479277517809031,darkred
620,0.1492931573229413,-0.7782625830908401,darkred
621,3.668669097648688,-0.7233482521647953,darkred
622,0.1926315958497681,-1.2924117571151466,darkred
623,0.560271482785444,-1.4746656141353585,darkred
624,-0.3317389494616441,-0.7814452614314938,darkred
625,4.267141249282614,0.19968201893104795,darkred
626,4.904209309377567,1.437370118592647,darkred
627,0.30089008474810996,-0.6620406332536819,darkred
628,1.6317923791410498,-1.6690657795977917,darkred
629,4.050475686311001,-0.6887524021682079,darkred
630,1.1401475412490063,-1.6403768190122632,darkred
631,4.241598203808147,0.16462213367867012,darkred
632,1.8772442826121936,-1.8518185564328091,darkred
633,0.3948738562833807,-1.0677810952878608,darkred
634,4.487770294331888,0.5444081439110777,darkred
635,3.7042275061077676,-0.9675698055790806,darkred
636,0.25008730312269073,-1.289705287784649,darkred
637,2.9961057177202006,-1.1904465019609063,darkred
638,2.3261415101426786,-1.5094759409205123,darkred
639,1.9705654304966036,-1.3326230791616018,darkred
640,-0.13987618609288938,-1.103966637859083,darkred
641,5.233161791588355,1.8067443636228278,darkred
642,4.502953009217959,0.8881345518184355,darkred
643,3.7433074079979836,-0.8965962220470749,darkred
644,1.8611047940561096,-1.4983922275545924,darkred
645,0.36659818209066386,-0.734773178928907,darkred
646,4.301286665276961,-0.1481476258971411,darkred
647,4.943166865872164,2.244519962048558,darkred
648,1.637051715349231,-1.3854566315829646,darkred
649,0.7844009582098558,-1.3806505132263427,darkred
650,4.687921623864953,0.7196497549697439,darkred
651,3.9839762710585225,-0.14938353225277679,darkred
652,1.5957338037544928,-1.5920368137934826,darkred
653,4.941288660194688,0.6895568648168987,darkred
654,4.345267794101682,0.07667675702490948,darkred
655,0.44309919996652947,-0.8622413926274144,darkred
656,1.6431622447623433,-1.5967336597831325,darkred
657,4.994668568859615,0.4898457484363702,darkred
658,1.672888764970103,-1.5963677413831792,darkred
659,3.9744632496839176,-0.4940054702236941,darkred
660,4.473630847364952,-0.05838059271844129,darkred
661,0.5938573323090265,-0.614889474511207,darkred
662,4.724803415839296,2.0469471446027985,darkred
663,0.22282313932172634,-0.7862155646316319,darkred
664,2.111017052980921,-1.9126241463904907,darkred
665,3.7714758033082427,-0.9305579074814735,darkred
666,0.19499359348031325,-0.9851002133952328,darkred
667,1.4540312794334995,-1.5233889737406245,darkred
668,1.603171087779176,-1.7623048213012675,darkred
669,4.086636666089077,-0.7089640304672773,darkred
670,0.3982353032685123,-1.091914642454276,darkred
671,4.828804609469922,0.6773689178352441,darkred
672,5.0282506097723845,1.7640313814749333,darkred
673,2.8615146632107153,-1.421850548781897,darkred
674,4.722639303636368,0.44129909018675784,darkred
675,4.857503820154333,1.8536769620597973,darkred
676,0.608758149497123,-1.7738581834519687,darkred
677,3.0587092352612713,-1.582873394112618,darkred
678,0.08396735538020779,-0.7543253400892027,darkred
679,4.7579700639578455,1.1842260085501541,darkred
680,0.11981283353936392,-1.3861155435765524,darkred
681,0.7293139195954385,-1.2543850716118892,darkred
682,4.6231597510599,0.06705477376682625,darkred
683,1.5591821188237873,-1.5358924578373285,darkred
684,5.070694507678571,0.6133191233353013,darkred
685,4.892647279749116,0.27303495455378746,darkred
686,0.721263847435804,-1.5248307658058877,darkred
687,0.5251140648411365,-1.354363114732965,darkred
688,4.350012242910848,0.5628105211641327,darkred
689,2.848525687282318,-1.3890859770695498,darkred
690,2.2062683893769623,-2.0622224299423806,darkred
691,0.2578366642520026,-0.5377889166997344,darkred
692,0.4214034735865002,-1.3938607676747874,darkred
693,4.969922931565245,0.18962221420075498,darkred
694,4.820223787941081,0.5495231478217926,darkred
695,2.475346398077515,-1.5352047790622059,darkred
696,1.0151528441250302,-1.4703328446051094,darkred
697,2.1139989915979656,-1.8139777631703549,darkred
698,0.0963798585965602,-1.161559919365386,darkred
699,4.722836503769154,0.7126903129055068,darkred
700,2.5806969192958653,-1.7170734965028969,darkred
701,1.0231440284740612,-1.5129615724064198,darkred
702,3.4328944830240156,-1.1944243509731047,darkred
703,2.6510788152248055,-1.6869608198832118,darkred
704,0.0860126869975749,-0.9263544439228073,darkred
705,1.7767157189433016,-1.8871441535473203,darkred
706,3.8079410368694853,-0.7182997139306126,darkred
707,3.929344755602375,-0.3970435878865126,darkred
708,2.534469405784387,-1.645815185985515,darkred
709,4.268015409286949,-0.2302517275283792,darkred
710,3.1692453159978635,-1.1937459207598295,darkred
711,-0.4202596634622471,-0.4885300155463782,darkred
712,4.547197223081112,0.4985355169385434,darkred
713,1.9859927710517513,-1.888695821824243,darkred
714,1.21058133112649,-1.4219526607224482,darkred
715,4.076851287344578,-0.7120129510262656,darkred
716,4.721661915711239,2.2398067868471796,darkred
717,0.18154651252659237,-0.6901576934799569,darkred
718,1.2506470094834687,-1.1868492488121611,darkred
719,0.3796691473954005,-1.0067902718863786,darkred
720,0.2528126093669758,-1.0201910908832015,darkred
721,5.262377695355208,1.5597369681253577,darkred
722,4.535045660182845,1.4124894978264455,darkred
723,0.8780059787181793,-1.768838028093711,darkred
724,4.542409714435419,1.8192894352798135,darkred
725,2.649786860192021,-1.4165290673491617,darkred
726,2.716255512611119,-1.2982346483998841,darkred
727,-0.025405214352365812,-0.8927353128945245,darkred
728,2.266117272612484,-1.6836553178341729,darkred
729,-0.10407028576366721,-0.8720099076487645,darkred
730,0.37713564547981665,-1.374262920962351,darkred
731,0.704429160538506,-1.2555593920541024,darkred
732,3.4774985696260376,-1.17871880078483,darkred
733,0.38730196437834963,-1.5257349744826643,darkred
734,0.6330515233148513,-0.720365250728509,darkred
735,2.1549622295505166,-2.035929724634623,darkred
736,4.212675063282954,-0.6530519880144651,darkred
737,5.234960900044856,2.09212457759882,darkred
738,3.815193998427336,-0.27305020828443616,darkred
739,2.981188109311471,-1.1399906179483323,darkred
740,0.6635235496431077,-1.345373597992473,darkred
741,3.3819743584451594,-0.9454683356228539,darkred
742,3.4379445250868828,-1.1610206326209074,darkred
743,4.453651810830583,-0.22331881963303096,darkred
744,3.652845912765829,-0.9055803638889256,darkred
745,4.01587197482204,-0.6192318554087524,darkred
746,4.81518460743519,1.4759121655476892,darkred
747,2.317538857759991,-1.7132526785087674,darkred
748,0.27563840745977397,-0.6425242648802022,darkred
749,0.7337164271984495,-1.7127917826417556,darkred
750,4.731678727817744,0.6503018628379548,darkred
751,2.107318722194215,-1.7267090360743256,darkred
752,-0.12973783196954458,-1.0957647660675218,darkred
753,0.502145944548297,-1.5899086423677733,darkred
754,0.7759738754335861,-1.386760273781664,darkred
755,0.2763959507582601,-0.4092894401392697,darkred
756,4.782785582688239,1.134215482494301,darkred
757,4.606996478876279,1.2424963479247202,darkred
758,1.1112237162456848,-1.783268061757083,darkred
759,1.9872287307744883,-1.7399477872520661,darkred
760,2.796103225859003,-1.389922825767817,darkred
761,3.5947345284525856,-0.7713497484880417,darkred
762,1.1087317311965645,-2.1050503301736585,darkred
763,-0.15778058629455052,-0.5075297901021206,darkred
764,0.9116879850637871,-1.3867591952194318,darkred
765,3.8698094275796824,-0.7945819886036214,darkred
766,0.19613353274499654,-1.1245995070688568,darkred
767,4.266012346876955,0.39165340604371834,darkred
768,-0.08380276170053998,-0.5969814994850842,darkred
769,4.384704507290774,-0.5994518802974294,darkred
770,3.51697958385262,-0.7702030962465104,darkred
771,0.27110604832066715,-1.289650776070159,darkred
772,-0.3886477674541694,-0.5558109773054253,darkred
773,1.3347901698482212,-1.9612118754158414,darkred
774,3.9998286557105995,-0.5390449015101525,darkred
775,0.9964041357394479,-1.4849452289761613,darkred
776,0.1719489443572089,-1.2321034692200925,darkred
777,4.306660425865275,-0.0894166414059597,darkred
778,4.40730904223522,-0.14405166036318123,darkred
779,0.6534055340368258,-1.6306030925502195,darkred
780,0.5482859899010508,-1.42563591473627,darkred
781,-0.024010409220291754,-0.513034817894458,darkred
782,4.609719769859593,0.3528075100662334,darkred
783,4.8337032592328075,0.8486059034523221,darkred
784,4.93252696361213,1.3347595913786265,darkred
785,5.137085117661649,2.1673853702606203,darkred
786,0.43670100700826187,-1.3597738809672462,darkred
787,0.28451743546450436,-0.8734513415661168,darkred
788,0.9152803895927273,-1.6875104243743042,darkred
789,0.5305788836944342,-1.457248197827155,darkred
790,1.3021145728238506,-1.580127605732003,darkred
791,2.546809016849367,-1.6024892923828613,darkred
792,0.15765272650457476,-1.107555946320277,darkred
793,4.458979816511624,0.09372883618945979,darkred
794,4.4465584117412,0.7773420718460534,darkred
795,2.006621659640619,-1.5979059897544532,darkred
796,3.592823659778235,-0.8642922604274268,darkred
797,1.7462030433190354,-1.7784783076515713,darkred
798,-0.09579741287172694,-0.5925455054718117,darkred
799,2.4326180564491935,-1.4766830013920729,darkred
800,1.0921378941588262,-3.540545625578688,darkblue
801,2.1774560364022393,-3.813139862186649,darkblue
802,-0.7223267200596767,-0.8783878847601196,darkblue
803,-0.11031137428738184,-3.0827116755316744,darkblue
804,0.8059919346331536,-3.462349481615002,darkblue
805,3.226715758149308,-3.9694096127083434,darkblue
806,-0.6449213731146688,-1.0264545277481545,darkblue
807,-0.7871244486499889,-0.7171483286487499,darkblue
808,0.4508248975210485,-3.643044977624795,darkblue
809,0.2331721301533204,-2.9262100434644815,darkblue
810,-1.1488089078404689,-1.1009926915267063,darkblue
811,3.8437204297922527,-3.7261564106729734,darkblue
812,4.170334138127515,-3.316911513167791,darkblue
813,-0.6896562981804094,-2.1227467585618762,darkblue
814,-0.8220183266834744,-1.3342189659147348,darkblue
815,4.165785653623363,-3.3340820890062397,darkblue
816,2.9970790788318733,-3.888897332116971,darkblue
817,1.4336572085475254,-4.056933752596186,darkblue
818,0.3087899067707315,-3.0479773398016183,darkblue
819,1.3184368082805504,-3.7999911093917027,darkblue
820,-0.6035692915700743,-0.46257198237033303,darkblue
821,1.0388191921258267,-3.5561098331668104,darkblue
822,-0.8566722067146605,-0.9837442468779779,darkblue
823,-0.6484202165625386,-1.1950324615200376,darkblue
824,-0.887377495730153,-0.4965204442188865,darkblue
825,2.1653511999031503,-3.8129102082432347,darkblue
826,3.5969025276036897,-3.477853305626176,darkblue
827,-0.5033915610391642,-0.3431145252001445,darkblue
828,-0.785189782445942,-2.3728424457239345,darkblue
829,1.4840983048326961,-3.7419619626243166,darkblue
830,-1.0723215946772904,-2.031873377963982,darkblue
831,2.2072279475503613,-3.9469008307154265,darkblue
832,-0.651991462364925,-2.7912103044201015,darkblue
833,-0.721464782712221,-0.7691787248260722,darkblue
834,2.587285610832751,-3.7474841715213443,darkblue
835,1.0297465165299882,-3.6000556887612953,darkblue
836,-0.9539144660644393,-1.0089654482252883,darkblue
837,0.26720334871725226,-3.3901773320163695,darkblue
838,-0.36353175312863023,-3.004329024804219,darkblue
839,-0.5618268114367995,-2.279692881973088,darkblue
840,-1.1259049393274612,-0.7886461559057549,darkblue
841,4.1175775164194715,-3.266967627477184,darkblue
842,2.7344054961490385,-3.5641979561302204,darkblue
843,1.0640887838951896,-3.5039190908577598,darkblue
844,-0.6072830505175917,-2.3021039894302153,darkblue
845,-0.46841422803582067,-0.41482152594797617,darkblue
846,1.906033411719306,-3.6368984795413786,darkblue
847,3.8529718384662077,-2.8489638171409846,darkblue
848,-0.6534002915689434,-1.883140954775134,darkblue
849,-0.8613747946103315,-1.2752752008466899,darkblue
850,2.9498500444234006,-3.7676466277987606,darkblue
851,1.5332354140510087,-3.5131921638721177,darkblue
852,-0.8168059116069426,-2.287692186662987,darkblue
853,3.178196973284116,-3.7690890636854104,darkblue
854,2.2750118827492196,-3.98293948434889,darkblue
855,-0.5686467591630958,-0.5492912020063827,darkblue
856,-0.6626852388873136,-2.1170402587421466,darkblue
857,3.2290892567885785,-3.96592449388576,darkblue
858,-0.8009443873353927,-2.411374525482236,darkblue
859,1.4368140822558773,-3.6327136502039767,darkblue
860,2.3794215603673234,-4.082402937857805,darkblue
861,0.026099649408001246,-0.32719877200659364,darkblue
862,3.8960094016606726,-3.235337103921226,darkblue
863,-0.22024699317992338,-0.5328588851173861,darkblue
864,-0.2966407135765663,-2.599440843882607,darkblue
865,1.0972601381015392,-3.564423245280521,darkblue
866,-0.92723887933655,-0.6875313930352169,darkblue
867,-0.6071045708486982,-1.7415695025000155,darkblue
868,-0.795191199668213,-2.4325349525454736,darkblue
869,1.5343844127752253,-3.8050759142472694,darkblue
870,-0.7327748484975241,-0.7959296926891116,darkblue
871,3.1041550861728404,-3.8250962272946443,darkblue
872,4.190231032406152,-3.5120208400714508,darkblue
873,0.15316615083437213,-3.0372707152617426,darkblue
874,2.9679239040544174,-4.026993474580515,darkblue
875,4.216765482629203,-3.5493579859220366,darkblue
876,-1.2545664966299679,-1.8146901902469896,darkblue
877,0.32432647105746315,-3.5800671500122996,darkblue
878,-0.607143572475692,-0.44507962361498316,darkblue
879,3.2437301920180017,-3.539455718398018,darkblue
880,-1.0368895801654006,-1.0950737462161728,darkblue
881,-0.9670262270617414,-1.1790290130503736,darkblue
882,2.4562155022949446,-3.8437789037910326,darkblue
883,-0.5836485924970801,-1.8428560385640094,darkblue
884,3.720400297667076,-4.263983506957071,darkblue
885,2.9801554196711986,-4.0034595461400055,darkblue
886,-0.6037090794354218,-1.2776117631792536,darkblue
887,-1.0343218186979772,-1.2028021562562592,darkblue
888,2.272877305382689,-3.4866635720569854,darkblue
889,0.11604785420751879,-3.2924674079323877,darkblue
890,-0.4177032900639018,-3.2731485807182183,darkblue
891,-0.1788618645967317,-0.2865481862595246,darkblue
892,-0.8074882590689859,-1.1191707118134107,darkblue
893,3.0995031826402193,-4.140211597395055,darkblue
894,2.7850499345928985,-3.5608553458916665,darkblue
895,-0.15082901414437078,-2.7538141244537617,darkblue
896,-0.4161665858559533,-1.2613258512892909,darkblue
897,-0.45862880738217177,-2.8659360316485274,darkblue
898,-0.9121956254645727,-0.8482928013261908,darkblue
899,3.1335368147309897,-3.9354474405790056,darkblue
900,-0.018488149631327666,-2.846939694915346,darkblue
901,-0.8924847662752273,-1.5961023660740394,darkblue
902,0.7319730645444484,-3.6695768216813542,darkblue
903,-0.05589571593386267,-3.2922095071012314,darkblue
904,-0.8322366066137696,-0.606983412690836,darkblue
905,-0.650637744261314,-2.6101797007451006,darkblue
906,1.2753848770234082,-3.8714792038560617,darkblue
907,1.4271273680120606,-3.632767091539753,darkblue
908,-0.0942708374338716,-2.87347745452283,darkblue
909,2.01517209666699,-3.9959673698350406,darkblue
910,0.45779568080136274,-3.588967027373438,darkblue
911,-1.0449325967783103,-0.18942251769995555,darkblue
912,2.620915455431891,-3.760097323987752,darkblue
913,-0.6009221807605848,-2.981562317710759,darkblue
914,-0.797015658528765,-1.58726470204166,darkblue
915,1.4446103401691073,-3.5352936215860704,darkblue
916,4.001390669990536,-3.1135900347949113,darkblue
917,-0.5696228989801044,-0.3746062903285419,darkblue
918,-0.5826431687912876,-1.204728369470857,darkblue
919,-0.5169639663717253,-0.6868003778224374,darkblue
920,-0.9582145938771742,-0.7411148015161135,darkblue
921,4.544769450528944,-3.7953551137130526,darkblue
922,3.1554665507290967,-3.4384415339322523,darkblue
923,-0.9975138989407107,-1.8192646892040902,darkblue
924,3.4530787851449727,-3.274862520308917,darkblue
925,-0.039284598323719395,-2.907990701446551,darkblue
926,-0.004686907075565655,-3.024156797212545,darkblue
927,-0.8644050782156459,-0.5726999385712196,darkblue
928,-0.3655314329581878,-2.921732757243452,darkblue
929,-0.7657586887051533,-0.5668378995078843,darkblue
930,-1.2882465004964638,-1.280259785061912,darkblue
931,-0.9959186191722863,-1.1826800614952202,darkblue
932,0.7966245570627537,-3.776997962750028,darkblue
933,-0.7661005839753524,-1.2340326294890485,darkblue
934,-0.2553338596872069,-0.40022545602237136,darkblue
935,-0.40574785117324236,-3.0553495603014857,darkblue
936,1.7445649305747795,-3.9751201671920398,darkblue
937,4.563211100642446,-3.291797725633782,darkblue
938,1.395942357914003,-3.709214402162203,darkblue
939,0.24752142342099182,-3.084603195621999,darkblue
940,-0.991403357826478,-1.245264439946594,darkblue
941,0.6685713909290244,-3.3239768698325887,darkblue
942,0.7110692314747746,-3.3924765469975258,darkblue
943,2.276595809734865,-4.1177573680570125,darkblue
944,0.9984774602748201,-3.6352226310297624,darkblue
945,1.4915425550404473,-3.795394642222881,darkblue
946,3.5367568170700245,-3.464273876658708,darkblue
947,-0.31163507682965796,-2.9424577809354098,darkblue
948,-0.42426734145612743,-0.3321875776243384,darkblue
949,-0.9502789970059615,-1.6298975932065196,darkblue
950,2.8606619925683936,-3.6787869069053554,darkblue
951,-0.3552226711609365,-2.51845662387986,darkblue
952,-0.9750435696637625,-0.7756200396829712,darkblue
953,-1.2499199805656611,-1.550316615253128,darkblue
954,-1.0093782080026175,-1.3699306643600793,darkblue
955,-0.7346456626628405,-0.09626824141286272,darkblue
956,3.3960085941815867,-3.7101653442816853,darkblue
957,3.2278032743390477,-3.6087850958023115,darkblue
958,-0.7267917860792319,-1.804695483854919,darkblue
959,-0.4406209819516032,-2.4639155742612906,darkblue
960,0.10288780944671481,-2.905244513072068,darkblue
961,1.006106541703843,-3.753057409210229,darkblue
962,-1.095708215128072,-2.486340055687558,darkblue
963,-0.633498467656288,-0.24389738049787618,darkblue
964,-0.8087438592065177,-1.3265122199209451,darkblue
965,1.2141029488076864,-3.5181692982474697,darkblue
966,-1.0002568383847923,-0.8420963937626484,darkblue
967,2.1196089013180206,-3.551969132309948,darkblue
968,-0.8358116074785658,-0.2813608179990136,darkblue
969,2.106049652324992,-4.3187229623754435,darkblue
970,0.8340897255319167,-3.3572797143506965,darkblue
971,-0.8155867527564703,-0.986214179298638,darkblue
972,-0.8967832795748527,-0.2828928625290664,darkblue
973,-0.9786089732322514,-2.4928351942329776,darkblue
974,1.5614799267628676,-3.931813353319418,darkblue
975,-0.8950784508558793,-1.5481762425556833,darkblue
976,-1.0486771624646232,-0.9553560897569786,darkblue
977,2.1651754958622664,-4.040790787458947,darkblue
978,2.0899045007131054,-3.7907497317038756,darkblue
979,-0.8344554204573068,-1.4453685791428643,darkblue
980,-0.9794624845780555,-1.2586644021024171,darkblue
981,-0.7230359664846924,-0.20280470552370572,darkblue
982,2.5929678595694723,-3.783608344309392,darkblue
983,3.4591278968416717,-4.006862617201331,darkblue
984,3.8922706486099976,-3.7968373315094883,darkblue
985,4.34716386845142,-3.1408324333515423,darkblue
986,-0.8761240826563038,-1.1087168920517114,darkblue
987,-0.46816905775080864,-0.5577751099079529,darkblue
988,-0.49738634514677127,-1.4711944233140042,darkblue
989,-0.9944797626688288,-1.2890055966170657,darkblue
990,-0.9444896376087734,-2.016472413472551,darkblue
991,-0.07140117847379718,-2.7937250839784733,darkblue
992,-0.7335047131053541,-0.7874612099675806,darkblue
993,2.4448583935272254,-4.0463714183972455,darkblue
994,2.399220441195146,-3.3156138841458525,darkblue
995,-0.6078384898098357,-2.776618927447145,darkblue
996,0.8908223751611898,-3.3318833395336775,darkblue
997,-0.4917348468261407,-2.203207329543627,darkblue
998,-0.6509540559070508,-0.3077331399675053,darkblue
999,-0.27362409309070923,-3.0766179287078823,darkblue
1000,-2.656536508658399,-2.6605747642557818,darkred
1001,-2.147792013332509,-3.6428259548869373,darkred
1002,-1.3006661636523003,0.4989611119433901,darkred
1003,-2.932126531203457,-1.5742618012212195,darkred
1004,-2.684244746910596,-2.3578984109288084,darkred
1005,-1.6173228031551692,-5.004889356255303,darkred
1006,-0.9530363545627077,0.0997749507578761,darkred
1007,-0.9864294531423446,0.2638865770631962,darkred
1008,-2.7919195025124885,-2.3621940050450903,darkred
1009,-2.572747654165606,-1.4107819086332647,darkred
1010,-1.5481828035112386,0.12363762856717517,darkred
1011,-1.0824583710447921,-5.136537762653086,darkred
1012,-0.8286885535745246,-5.444582481049156,darkred
1013,-2.1876879575098727,-0.39566679501916596,darkred
1014,-1.6648516267149414,0.20344708742144396,darkred
1015,-0.834870344029873,-5.538114892341147,darkred
1016,-1.7007405025939588,-4.467397716488306,darkred
1017,-2.5415271859699193,-3.4149342920281645,darkred
1018,-2.729281527824072,-1.645856079507973,darkred
1019,-2.745907719913594,-3.2644666023164906,darkred
1020,-0.7066044360566529,0.3472713242866362,darkred
1021,-2.729349252647921,-2.694973797344913,darkred
1022,-1.1140102028085936,0.07931325754901286,darkred
1023,-1.0105966523313308,-0.008458168233640206,darkred
1024,-0.9184446389896517,0.12713906077780157,darkred
1025,-2.360550628547492,-3.9990027456464095,darkred
1026,-1.313459213933091,-4.803304134179731,darkred
1027,-0.6293342724283367,0.5128768658759615,darkred
1028,-2.6031693346953984,-0.6315628263588433,darkred
1029,-2.4432474283389705,-3.0460187347943704,darkred
1030,-2.51760212818682,-0.3115671806386605,darkred
1031,-2.3706405159869237,-4.240845990289774,darkred
1032,-2.730146452715951,-1.070523771103902,darkred
1033,-1.0210368637598608,0.34690008100115954,darkred
1034,-2.0798445063885147,-4.247562313824075,darkred
1035,-2.5872936281986156,-2.6001301514395005,darkred
1036,-1.3127875177452304,0.17410058987185595,darkred
1037,-3.002270616100085,-2.126743971040011,darkred
1038,-3.0029491303330866,-1.4224301928733267,darkred
1039,-2.6482094407953682,-0.5601117695178744,darkred
1040,-1.345843768239612,0.22294003423394654,darkred
1041,-0.8341780969433095,-4.837699300668488,darkred
1042,-2.005701318364242,-4.2587571359870715,darkred
1043,-2.5335283684143843,-2.4873091344976905,darkred
1044,-2.5375117759090826,-0.5662732905744854,darkred
1045,-0.6088341736347535,0.4682962601872957,darkred
1046,-2.3129400817900803,-3.3069237402852383,darkred
1047,-1.1032120217788859,-4.451569117922725,darkred
1048,-2.2296335619777152,-0.148393492231027,darkred
1049,-1.5930049735679255,0.20269606621787895,darkred
1050,-1.805298407084924,-4.5060806777908855,darkred
1051,-2.6052787429044724,-3.072692639420835,darkred
1052,-2.6255309944717884,-0.5461991919558558,darkred
1053,-1.5646495107342293,-4.471529837870849,darkred
1054,-2.2758468675726244,-4.219853393469652,darkred
1055,-0.8034969235309124,0.48338159608664244,darkred
1056,-2.266207713167331,-0.3802710601286247,darkred
1057,-1.5125106225246534,-4.6647730783970545,darkred
1058,-2.7436775427745843,-0.6764755629110648,darkred
1059,-2.5502115203870916,-3.004399095309004,darkred
1060,-2.1525886594184147,-4.2807756670462425,darkred
1061,-0.008631735240924643,0.3083391558317912,darkred
1062,-1.0929799546608419,-5.158722557400072,darkred
1063,-0.22236873875293886,-0.022470554955696886,darkred
1064,-2.0952703046268155,-0.857756403170976,darkred
1065,-2.520841987183072,-2.565417212912737,darkred
1066,-1.2306529579390397,0.43313484755602494,darkred
1067,-1.8266223765065515,-0.06566375988448706,darkred
1068,-2.574808663431169,-0.6906073497595799,darkred
1069,-2.4230532581940687,-3.142816567901393,darkred
1070,-1.041949438746049,0.33154630556095244,darkred
1071,-1.6574188708121773,-4.582738500059594,darkred
1072,-0.7979740118294594,-5.424300707976789,darkred
1073,-2.6000030073110345,-1.4994821844819575,darkred
1074,-1.7790886683661442,-4.7415116445144205,darkred
1075,-0.7827692086207674,-5.6959797824375835,darkred
1076,-2.2215903748655004,-0.22141971460078774,darkred
1077,-2.7724854399332255,-2.2106190904913268,darkred
1078,-0.6848843899254478,0.30806285497837094,darkred
1079,-1.6042181188813878,-4.589926385348906,darkred
1080,-1.3631911969406116,0.05218082735112131,darkred
1081,-1.7499360393469916,0.3277226766949233,darkred
1082,-2.014137936828363,-3.9225669745549245,darkred
1083,-1.9209022071034556,-0.1405919969139986,darkred
1084,-1.1786147871165313,-5.533245733650263,darkred
1085,-1.6796433871130372,-4.485440261128471,darkred
1086,-1.0520976062981178,-0.006542047868832862,darkred
1087,-1.682784120204789,0.22348941369999875,darkred
1088,-2.272637600077836,-3.7125489956799558,darkred
1089,-2.8985677345486742,-1.8777629046431756,darkred
1090,-2.778381938463117,-1.606185522899429,darkred
1091,-0.1796302739945188,0.21726419873887604,darkred
1092,-1.1840455588538104,0.08242577509760463,darkred
1093,-1.5854527668290739,-4.685297484883778,darkred
1094,-1.792229186806268,-3.853532334631005,darkred
1095,-2.519263370653528,-1.088784175371315,darkred
1096,-0.9508209350663421,0.08273663266241296,darkred
1097,-2.65596529109543,-1.1639541374887663,darkred
1098,-1.145186085102858,0.18179274852453614,darkred
1099,-1.686518404595214,-4.883142412387503,darkred
1100,-2.2965735147974558,-1.1609124952934124,darkred
1101,-1.9223012030568314,0.02131043756600226,darkred
1102,-2.7620325625685003,-2.5680864950066713,darkred
1103,-2.799569124035624,-1.7505251393293617,darkred
1104,-1.0147778271397214,0.34792931819969064,darkred
1105,-2.4904816275760835,-0.8695477112446569,darkred
1106,-2.721626743867131,-3.2548109778813195,darkred
1107,-2.626200079569196,-3.0836450199220273,darkred
1108,-2.4718276708639504,-1.2107527582139892,darkred
1109,-2.372454969308996,-3.9278056515135984,darkred
1110,-2.9722514628049512,-2.4383933155180224,darkred
1111,-1.0982343718389405,0.5011138605315097,darkred
1112,-2.030309654025589,-4.22120479881988,darkred
1113,-2.840829805049359,-1.2876614999547353,darkred
1114,-1.9439785806902932,0.06870927090135096,darkred
1115,-2.316542916136985,-2.6673464277304015,darkred
1116,-0.9949225969507426,-5.1665152492063635,darkred
1117,-0.6719320734045022,0.4337012041577724,darkred
1118,-1.514772030616424,0.37400793709423724,darkred
1119,-0.6881611460416239,0.24970162360620735,darkred
1120,-1.322041039313454,0.447203665850886,darkred
1121,-0.45168045436115173,-5.851434184647553,darkred
1122,-1.7353525095070697,-4.6691564944943424,darkred
1123,-1.9789446073197736,-0.22023016040399745,darkred
1124,-1.503251683778272,-4.878550240209646,darkred
1125,-2.6754639914797815,-1.3249173228289408,darkred
1126,-2.859850542744901,-1.5307126139355056,darkred
1127,-1.006746245873642,0.3139129444677199,darkred
1128,-2.7535623001243503,-1.2616968440874519,darkred
1129,-0.8323161786019826,0.1587870708994373,darkred
1130,-2.0395284697594236,0.2090050283128121,darkred
1131,-1.7829771573528874,0.32630397628223473,darkred
1132,-2.7939882096044943,-2.7544325445072992,darkred
1133,-1.0901802170442398,-0.08930554932822443,darkred
1134,-0.422277356210386,0.5292087513612489,darkred
1135,-2.568946366344384,-1.3474194965012392,darkred
1136,-2.3664855720510056,-3.498708182517766,darkred
1137,-0.4352772856598197,-5.402006485980499,darkred
1138,-2.78948894581529,-3.3321631202693607,darkred
1139,-2.803395812308386,-1.6894846889984603,darkred
1140,-1.7321697375420686,0.23799888235142724,darkred
1141,-2.747978906572764,-2.1633552363644,darkred
1142,-2.5848659246064667,-2.1466612269655987,darkred
1143,-2.18461490722556,-4.179590839858747,darkred
1144,-2.6926463125584004,-2.701293253738978,darkred
1145,-2.521259814786167,-3.1973426305786528,darkred
1146,-1.380783690084605,-4.827215954401668,darkred
1147,-2.6907448892874095,-1.2801289138262073,darkred
1148,-0.5054607610241938,0.42911692481953756,darkred
1149,-1.7204882352311337,-0.13006768127112847,darkred
1150,-1.8239472248919142,-4.222983268145249,darkred
1151,-2.272166892263156,-0.7817070132663346,darkred
1152,-1.1204429725742324,0.11650856631724288,darkred
1153,-2.091665241854036,-0.01318700144203231,darkred
1154,-1.8874793804258574,0.18464439930594168,darkred
1155,-0.969082159353265,0.9358300794562207,darkred
1156,-1.492736761666009,-4.931371656239238,darkred
1157,-1.663126299105229,-4.840009465809717,darkred
1158,-1.6643562291160288,-0.22364107734084165,darkred
1159,-2.28152033338624,-0.7233199399743542,darkred
1160,-2.556026974870413,-1.3305123882472636,darkred
1161,-2.8704420325146174,-3.0020936420995428,darkred
1162,-2.5281347767874234,-0.7678839238101677,darkred
1163,-0.6430450443589765,0.29990259459802293,darkred
1164,-1.6167843702320077,0.19354895034609687,darkred
1165,-2.4724460901547998,-2.580053677457925,darkred
1166,-1.3537971511783171,0.3352596171319464,darkred
1167,-2.3688701226125968,-3.6649404908622945,darkred
1168,-0.9384805022408846,0.5277082870584067,darkred
1169,-2.254261015798301,-4.204985512557336,darkred
1170,-2.7478292764433947,-2.3273672505414256,darkred
1171,-1.0961493520530068,0.10660769092959405,darkred
1172,-0.9144970150859102,0.29362445692064076,darkred
1173,-2.5957078441123227,-0.7551844266407033,darkred
1174,-2.595918106136226,-3.5165256366698188,darkred
1175,-1.8955794082204487,0.05828022146200933,darkred
1176,-1.4193199548297109,0.2401108170047837,darkred
1177,-2.327557359478173,-4.161897509281295,darkred
1178,-2.2269309397607144,-3.6071675635706413,darkred
1179,-1.4179681034359548,-0.06422593854830391,darkred
1180,-1.598735150168378,0.14789034370633827,darkred
1181,-0.80388158678492,0.5576842411472158,darkred
1182,-1.9976493060815952,-4.105257884055164,darkred
1183,-1.433118870515611,-5.244179694281235,darkred
1184,-1.0719508060942342,-5.461747397714511,darkred
1185,-0.6448482229026664,-5.110849466352427,darkred
1186,-1.3151148972901059,0.1537514807811542,darkred
1187,-0.5711286683715537,0.2519086301310142,darkred
1188,-1.0163845603532398,-0.1396311434182344,darkred
1189,-1.6113067192037485,0.11585523399967383,darkred
1190,-2.4456774311378378,-0.28902849885909065,darkred
1191,-2.4121467335544464,-1.1219064381790003,darkred
1192,-0.9018732596112011,0.14435113968246355,darkred
1193,-2.1476343126514865,-4.372141227079645,darkred
1194,-2.169052378537698,-3.589045169516445,darkred
1195,-2.9358639123463197,-1.1017864896873353,darkred
1196,-2.5971748278052047,-2.225677125550253,darkred
1197,-1.9785299145817672,-0.47746077553218236,darkred
1198,-0.6818776335860446,0.31545279873292814,darkred
1199,-3.0123294593181633,-1.5329109420720237,darkred
